{
  "name": "marketcloud-js",
  "version": "0.0.3",
  "authors": [
    "Mattia Alfieri m.alfieri@marketcloud.it"
  ],
  "description": "Javascript bindings for Marketcloud API.",
  "main": "dist/marketcloud.min.js",
  "keywords": [
    "marketcloud",
    "ecommerce",
    "api",
    "client",
    "sdk"
  ],
  "license": "MIT",
  "homepage": "www.marketcloud.it",
  "ignore": [
    "**/.*",
    "node_modules",
    "bower_components",
    "public/components",
    "test",
    "tests",
    "lib",
    "src"
  ],
  "dependencies": {},
  "moduleType": [
    "globals"
  ],
  "_release": "0.0.3",
  "_resolution": {
    "type": "version",
    "tag": "v0.0.3",
    "commit": "c970098322085ab21031ac2c45a5654bb0e29cf7"
  },
  "_source": "git://github.com/Marketcloud/marketcloud-js.git",
  "_target": "~0.0.3",
  "_originalSource": "marketcloud-js",
  "_direct": true
}